Position,Likelihood,grid,minwin,maxwin,model,sites,chromosome
3837.0,0.0,133,5000,50000,ArabisNemo,174766,chr2
205172.4375,1.916085,133,5000,50000,ArabisNemo,174766,chr2
406507.875,2.25254,133,5000,50000,ArabisNemo,174766,chr2
607843.3125,3.261273,133,5000,50000,ArabisNemo,174766,chr2
809178.75,1.252356,133,5000,50000,ArabisNemo,174766,chr2
1010514.1875,1.717177,133,5000,50000,ArabisNemo,174766,chr2
1211849.625,1.43584,133,5000,50000,ArabisNemo,174766,chr2
1413185.0,8.205223,133,5000,50000,ArabisNemo,174766,chr2
1614520.5,3.786978,133,5000,50000,ArabisNemo,174766,chr2
1815856.0,2.248765,133,5000,50000,ArabisNemo,174766,chr2
2017191.5,1.289742,133,5000,50000,ArabisNemo,174766,chr2
2218527.0,1.770404,133,5000,50000,ArabisNemo,174766,chr2
2419862.5,0.0,133,5000,50000,ArabisNemo,174766,chr2
2621198.0,7.120282,133,5000,50000,ArabisNemo,174766,chr2
2822533.5,8.10486,133,5000,50000,ArabisNemo,174766,chr2
3023869.0,4.658025,133,5000,50000,ArabisNemo,174766,chr2
3225204.5,2.772985,133,5000,50000,ArabisNemo,174766,chr2
3426540.0,2.926681,133,5000,50000,ArabisNemo,174766,chr2
3627875.5,1.575856,133,5000,50000,ArabisNemo,174766,chr2
3829211.0,1.965293,133,5000,50000,ArabisNemo,174766,chr2
4030546.5,1.252223,133,5000,50000,ArabisNemo,174766,chr2
4231882.0,1.268897,133,5000,50000,ArabisNemo,174766,chr2
4433217.5,16.821302,133,5000,50000,ArabisNemo,174766,chr2
4634553.0,1.148623,133,5000,50000,ArabisNemo,174766,chr2
4835888.5,6.021258,133,5000,50000,ArabisNemo,174766,chr2
5037224.0,1.188419,133,5000,50000,ArabisNemo,174766,chr2
5238559.5,1.518235,133,5000,50000,ArabisNemo,174766,chr2
5439895.0,1.348826,133,5000,50000,ArabisNemo,174766,chr2
5641230.5,1.296938,133,5000,50000,ArabisNemo,174766,chr2
5842566.0,1.615435,133,5000,50000,ArabisNemo,174766,chr2
6043901.5,3.432822,133,5000,50000,ArabisNemo,174766,chr2
6245237.0,3.021523,133,5000,50000,ArabisNemo,174766,chr2
6446572.5,1.146817,133,5000,50000,ArabisNemo,174766,chr2
6647908.0,1.183053,133,5000,50000,ArabisNemo,174766,chr2
6849243.5,1.849188,133,5000,50000,ArabisNemo,174766,chr2
7050579.0,2.143222,133,5000,50000,ArabisNemo,174766,chr2
7251914.5,1.674862,133,5000,50000,ArabisNemo,174766,chr2
7453250.0,7.144389,133,5000,50000,ArabisNemo,174766,chr2
7654585.5,2.498977,133,5000,50000,ArabisNemo,174766,chr2
7855921.0,3.927877,133,5000,50000,ArabisNemo,174766,chr2
8057256.5,2.258205,133,5000,50000,ArabisNemo,174766,chr2
8258592.0,3.816555,133,5000,50000,ArabisNemo,174766,chr2
8459927.0,4.074107,133,5000,50000,ArabisNemo,174766,chr2
8661262.0,0.0,133,5000,50000,ArabisNemo,174766,chr2
8862597.0,3.508924,133,5000,50000,ArabisNemo,174766,chr2
9063932.0,2.163213,133,5000,50000,ArabisNemo,174766,chr2
9265267.0,1.382671,133,5000,50000,ArabisNemo,174766,chr2
9466602.0,1.929872,133,5000,50000,ArabisNemo,174766,chr2
9667937.0,1.380219,133,5000,50000,ArabisNemo,174766,chr2
9869272.0,1.456853,133,5000,50000,ArabisNemo,174766,chr2
10070607.0,4.723178,133,5000,50000,ArabisNemo,174766,chr2
10271942.0,1.552582,133,5000,50000,ArabisNemo,174766,chr2
10473277.0,0.0,133,5000,50000,ArabisNemo,174766,chr2
10674612.0,2.32067,133,5000,50000,ArabisNemo,174766,chr2
10875947.0,1.456598,133,5000,50000,ArabisNemo,174766,chr2
11077282.0,0.0,133,5000,50000,ArabisNemo,174766,chr2
11278617.0,0.0,133,5000,50000,ArabisNemo,174766,chr2
11479952.0,0.0,133,5000,50000,ArabisNemo,174766,chr2
11681287.0,0.0,133,5000,50000,ArabisNemo,174766,chr2
11882622.0,1.341815,133,5000,50000,ArabisNemo,174766,chr2
12083957.0,3.464025,133,5000,50000,ArabisNemo,174766,chr2
12285292.0,0.0,133,5000,50000,ArabisNemo,174766,chr2
12486627.0,1.810434,133,5000,50000,ArabisNemo,174766,chr2
12687962.0,1.678941,133,5000,50000,ArabisNemo,174766,chr2
12889297.0,6.111897,133,5000,50000,ArabisNemo,174766,chr2
13090632.0,6.808972,133,5000,50000,ArabisNemo,174766,chr2
13291967.0,4.486022,133,5000,50000,ArabisNemo,174766,chr2
13493302.0,2.991371,133,5000,50000,ArabisNemo,174766,chr2
13694637.0,1.61946,133,5000,50000,ArabisNemo,174766,chr2
13895972.0,3.735462,133,5000,50000,ArabisNemo,174766,chr2
14097307.0,2.213233,133,5000,50000,ArabisNemo,174766,chr2
14298642.0,1.387291,133,5000,50000,ArabisNemo,174766,chr2
14499977.0,1.142381,133,5000,50000,ArabisNemo,174766,chr2
14701312.0,1.274718,133,5000,50000,ArabisNemo,174766,chr2
14902647.0,2.275364,133,5000,50000,ArabisNemo,174766,chr2
15103982.0,0.0,133,5000,50000,ArabisNemo,174766,chr2
15305317.0,1.871627,133,5000,50000,ArabisNemo,174766,chr2
15506652.0,2.208144,133,5000,50000,ArabisNemo,174766,chr2
15707987.0,3.726944,133,5000,50000,ArabisNemo,174766,chr2
15909322.0,4.547627,133,5000,50000,ArabisNemo,174766,chr2
16110657.0,2.562035,133,5000,50000,ArabisNemo,174766,chr2
16311992.0,1.229625,133,5000,50000,ArabisNemo,174766,chr2
16513327.0,2.075619,133,5000,50000,ArabisNemo,174766,chr2
16714662.0,2.632688,133,5000,50000,ArabisNemo,174766,chr2
16915998.0,1.59476,133,5000,50000,ArabisNemo,174766,chr2
17117334.0,1.905722,133,5000,50000,ArabisNemo,174766,chr2
17318670.0,0.0,133,5000,50000,ArabisNemo,174766,chr2
17520006.0,2.202335,133,5000,50000,ArabisNemo,174766,chr2
17721342.0,4.082741,133,5000,50000,ArabisNemo,174766,chr2
17922678.0,1.637012,133,5000,50000,ArabisNemo,174766,chr2
18124014.0,1.282164,133,5000,50000,ArabisNemo,174766,chr2
18325350.0,1.578925,133,5000,50000,ArabisNemo,174766,chr2
18526686.0,3.800457,133,5000,50000,ArabisNemo,174766,chr2
18728022.0,3.209631,133,5000,50000,ArabisNemo,174766,chr2
18929358.0,6.230967,133,5000,50000,ArabisNemo,174766,chr2
19130694.0,1.810606,133,5000,50000,ArabisNemo,174766,chr2
19332030.0,2.720497,133,5000,50000,ArabisNemo,174766,chr2
19533366.0,2.766527,133,5000,50000,ArabisNemo,174766,chr2
19734702.0,2.562782,133,5000,50000,ArabisNemo,174766,chr2
19936038.0,2.092363,133,5000,50000,ArabisNemo,174766,chr2
20137374.0,10.697951,133,5000,50000,ArabisNemo,174766,chr2
20338710.0,22.274487,133,5000,50000,ArabisNemo,174766,chr2
20540046.0,4.29197,133,5000,50000,ArabisNemo,174766,chr2
20741382.0,183.759979,133,5000,50000,ArabisNemo,174766,chr2
20942718.0,6.711763,133,5000,50000,ArabisNemo,174766,chr2
21144054.0,0.0,133,5000,50000,ArabisNemo,174766,chr2
21345390.0,1.236873,133,5000,50000,ArabisNemo,174766,chr2
21546726.0,1.452856,133,5000,50000,ArabisNemo,174766,chr2
21748062.0,1.355595,133,5000,50000,ArabisNemo,174766,chr2
21949398.0,4.887359,133,5000,50000,ArabisNemo,174766,chr2
22150734.0,8.960507,133,5000,50000,ArabisNemo,174766,chr2
22352070.0,5.560061,133,5000,50000,ArabisNemo,174766,chr2
22553406.0,1.414454,133,5000,50000,ArabisNemo,174766,chr2
22754742.0,1.616212,133,5000,50000,ArabisNemo,174766,chr2
22956078.0,1.370609,133,5000,50000,ArabisNemo,174766,chr2
23157414.0,1.752967,133,5000,50000,ArabisNemo,174766,chr2
23358750.0,1.311849,133,5000,50000,ArabisNemo,174766,chr2
23560086.0,9.462862,133,5000,50000,ArabisNemo,174766,chr2
23761422.0,1.18992,133,5000,50000,ArabisNemo,174766,chr2
23962758.0,1.864452,133,5000,50000,ArabisNemo,174766,chr2
24164094.0,1.414362,133,5000,50000,ArabisNemo,174766,chr2
24365430.0,1.231239,133,5000,50000,ArabisNemo,174766,chr2
24566766.0,2.289364,133,5000,50000,ArabisNemo,174766,chr2
24768102.0,4.826606,133,5000,50000,ArabisNemo,174766,chr2
24969438.0,1.84061,133,5000,50000,ArabisNemo,174766,chr2
25170774.0,1.778024,133,5000,50000,ArabisNemo,174766,chr2
25372110.0,2.242253,133,5000,50000,ArabisNemo,174766,chr2
25573446.0,1.235775,133,5000,50000,ArabisNemo,174766,chr2
25774782.0,1.188653,133,5000,50000,ArabisNemo,174766,chr2
25976118.0,1.619642,133,5000,50000,ArabisNemo,174766,chr2
26177454.0,4.961868,133,5000,50000,ArabisNemo,174766,chr2
26378790.0,1.731846,133,5000,50000,ArabisNemo,174766,chr2
26580126.0,0.0,133,5000,50000,ArabisNemo,174766,chr2
19943.0,0.0,208,5000,50000,ArabisNemo,245118,chr4
221116.0312,3.333654,208,5000,50000,ArabisNemo,245118,chr4
422289.0625,1.723449,208,5000,50000,ArabisNemo,245118,chr4
623462.125,4.856739,208,5000,50000,ArabisNemo,245118,chr4
824635.125,1.483218,208,5000,50000,ArabisNemo,245118,chr4
1025808.125,1.394565,208,5000,50000,ArabisNemo,245118,chr4
1226981.125,2.574434,208,5000,50000,ArabisNemo,245118,chr4
1428154.125,0.0,208,5000,50000,ArabisNemo,245118,chr4
1629327.125,2.157311,208,5000,50000,ArabisNemo,245118,chr4
1830500.125,1.32157,208,5000,50000,ArabisNemo,245118,chr4
2031673.125,0.938517,208,5000,50000,ArabisNemo,245118,chr4
2232846.25,1.161978,208,5000,50000,ArabisNemo,245118,chr4
2434019.25,0.979594,208,5000,50000,ArabisNemo,245118,chr4
2635192.25,2.441755,208,5000,50000,ArabisNemo,245118,chr4
2836365.25,1.830545,208,5000,50000,ArabisNemo,245118,chr4
3037538.25,1.912532,208,5000,50000,ArabisNemo,245118,chr4
3238711.25,1.137792,208,5000,50000,ArabisNemo,245118,chr4
3439884.25,1.431994,208,5000,50000,ArabisNemo,245118,chr4
3641057.25,1.933988,208,5000,50000,ArabisNemo,245118,chr4
3842230.25,3.346358,208,5000,50000,ArabisNemo,245118,chr4
4043403.25,4.083583,208,5000,50000,ArabisNemo,245118,chr4
4244576.5,1.47904,208,5000,50000,ArabisNemo,245118,chr4
4445749.5,0.0,208,5000,50000,ArabisNemo,245118,chr4
4646922.5,1.353134,208,5000,50000,ArabisNemo,245118,chr4
4848095.5,2.710385,208,5000,50000,ArabisNemo,245118,chr4
5049268.5,1.99118,208,5000,50000,ArabisNemo,245118,chr4
5250441.5,1.399169,208,5000,50000,ArabisNemo,245118,chr4
5451614.5,1.04178,208,5000,50000,ArabisNemo,245118,chr4
5652787.5,11.829021,208,5000,50000,ArabisNemo,245118,chr4
5853960.5,1.631469,208,5000,50000,ArabisNemo,245118,chr4
6055133.5,1.209077,208,5000,50000,ArabisNemo,245118,chr4
6256306.5,5.021318,208,5000,50000,ArabisNemo,245118,chr4
6457479.5,2.326744,208,5000,50000,ArabisNemo,245118,chr4
6658652.5,12.279947,208,5000,50000,ArabisNemo,245118,chr4
6859825.5,2.742605,208,5000,50000,ArabisNemo,245118,chr4
7060998.5,2.693243,208,5000,50000,ArabisNemo,245118,chr4
7262171.5,4.58764,208,5000,50000,ArabisNemo,245118,chr4
7463344.5,1.365407,208,5000,50000,ArabisNemo,245118,chr4
7664517.5,1.68951,208,5000,50000,ArabisNemo,245118,chr4
7865690.5,1.751399,208,5000,50000,ArabisNemo,245118,chr4
8066863.5,2.547846,208,5000,50000,ArabisNemo,245118,chr4
8268036.5,0.980995,208,5000,50000,ArabisNemo,245118,chr4
8469210.0,2.15514,208,5000,50000,ArabisNemo,245118,chr4
8670383.0,13.716578,208,5000,50000,ArabisNemo,245118,chr4
8871556.0,4.743228,208,5000,50000,ArabisNemo,245118,chr4
9072729.0,0.0,208,5000,50000,ArabisNemo,245118,chr4
9273902.0,1.540117,208,5000,50000,ArabisNemo,245118,chr4
9475075.0,2.86813,208,5000,50000,ArabisNemo,245118,chr4
9676248.0,2.751293,208,5000,50000,ArabisNemo,245118,chr4
9877421.0,1.555246,208,5000,50000,ArabisNemo,245118,chr4
10078594.0,1.562082,208,5000,50000,ArabisNemo,245118,chr4
10279767.0,2.027539,208,5000,50000,ArabisNemo,245118,chr4
10480940.0,1.21376,208,5000,50000,ArabisNemo,245118,chr4
10682113.0,0.0,208,5000,50000,ArabisNemo,245118,chr4
10883286.0,6.439779,208,5000,50000,ArabisNemo,245118,chr4
11084459.0,29.212473,208,5000,50000,ArabisNemo,245118,chr4
11285632.0,34.143314,208,5000,50000,ArabisNemo,245118,chr4
11486805.0,1.091835,208,5000,50000,ArabisNemo,245118,chr4
11687978.0,1.430791,208,5000,50000,ArabisNemo,245118,chr4
11889151.0,1.027529,208,5000,50000,ArabisNemo,245118,chr4
12090324.0,41.884605,208,5000,50000,ArabisNemo,245118,chr4
12291497.0,8.970566,208,5000,50000,ArabisNemo,245118,chr4
12492670.0,0.0,208,5000,50000,ArabisNemo,245118,chr4
12693843.0,0.852066,208,5000,50000,ArabisNemo,245118,chr4
12895016.0,0.0,208,5000,50000,ArabisNemo,245118,chr4
13096189.0,0.0,208,5000,50000,ArabisNemo,245118,chr4
13297362.0,0.0,208,5000,50000,ArabisNemo,245118,chr4
13498535.0,0.0,208,5000,50000,ArabisNemo,245118,chr4
13699708.0,0.0,208,5000,50000,ArabisNemo,245118,chr4
13900881.0,0.0,208,5000,50000,ArabisNemo,245118,chr4
14102054.0,0.0,208,5000,50000,ArabisNemo,245118,chr4
14303227.0,0.0,208,5000,50000,ArabisNemo,245118,chr4
14504400.0,0.0,208,5000,50000,ArabisNemo,245118,chr4
14705573.0,0.0,208,5000,50000,ArabisNemo,245118,chr4
14906746.0,0.0,208,5000,50000,ArabisNemo,245118,chr4
15107919.0,8.95682,208,5000,50000,ArabisNemo,245118,chr4
15309092.0,7.116517,208,5000,50000,ArabisNemo,245118,chr4
15510265.0,1.963794,208,5000,50000,ArabisNemo,245118,chr4
15711438.0,1.166233,208,5000,50000,ArabisNemo,245118,chr4
15912611.0,0.0,208,5000,50000,ArabisNemo,245118,chr4
16113784.0,1.422052,208,5000,50000,ArabisNemo,245118,chr4
16314957.0,7.840393,208,5000,50000,ArabisNemo,245118,chr4
16516130.0,0.0,208,5000,50000,ArabisNemo,245118,chr4
16717303.0,0.0,208,5000,50000,ArabisNemo,245118,chr4
16918476.0,2.27551,208,5000,50000,ArabisNemo,245118,chr4
17119650.0,0.0,208,5000,50000,ArabisNemo,245118,chr4
17320824.0,4.159646,208,5000,50000,ArabisNemo,245118,chr4
17521998.0,0.0,208,5000,50000,ArabisNemo,245118,chr4
17723172.0,22.583223,208,5000,50000,ArabisNemo,245118,chr4
17924346.0,5.068605,208,5000,50000,ArabisNemo,245118,chr4
18125520.0,0.0,208,5000,50000,ArabisNemo,245118,chr4
18326694.0,0.0,208,5000,50000,ArabisNemo,245118,chr4
18527868.0,3.725464,208,5000,50000,ArabisNemo,245118,chr4
18729042.0,0.0,208,5000,50000,ArabisNemo,245118,chr4
18930216.0,0.0,208,5000,50000,ArabisNemo,245118,chr4
19131390.0,0.0,208,5000,50000,ArabisNemo,245118,chr4
19332564.0,0.0,208,5000,50000,ArabisNemo,245118,chr4
19533738.0,0.0,208,5000,50000,ArabisNemo,245118,chr4
19734912.0,0.0,208,5000,50000,ArabisNemo,245118,chr4
19936086.0,0.0,208,5000,50000,ArabisNemo,245118,chr4
20137260.0,0.0,208,5000,50000,ArabisNemo,245118,chr4
20338434.0,0.0,208,5000,50000,ArabisNemo,245118,chr4
20539608.0,0.0,208,5000,50000,ArabisNemo,245118,chr4
20740782.0,0.0,208,5000,50000,ArabisNemo,245118,chr4
20941956.0,4.991407,208,5000,50000,ArabisNemo,245118,chr4
21143130.0,0.0,208,5000,50000,ArabisNemo,245118,chr4
21344304.0,0.0,208,5000,50000,ArabisNemo,245118,chr4
21545478.0,0.0,208,5000,50000,ArabisNemo,245118,chr4
21746652.0,0.0,208,5000,50000,ArabisNemo,245118,chr4
21947826.0,0.0,208,5000,50000,ArabisNemo,245118,chr4
22149000.0,0.0,208,5000,50000,ArabisNemo,245118,chr4
22350174.0,0.0,208,5000,50000,ArabisNemo,245118,chr4
22551348.0,34.901981,208,5000,50000,ArabisNemo,245118,chr4
22752522.0,0.0,208,5000,50000,ArabisNemo,245118,chr4
22953696.0,0.0,208,5000,50000,ArabisNemo,245118,chr4
23154870.0,0.0,208,5000,50000,ArabisNemo,245118,chr4
23356044.0,0.0,208,5000,50000,ArabisNemo,245118,chr4
23557218.0,0.0,208,5000,50000,ArabisNemo,245118,chr4
23758392.0,0.0,208,5000,50000,ArabisNemo,245118,chr4
23959566.0,0.0,208,5000,50000,ArabisNemo,245118,chr4
24160740.0,4.081408,208,5000,50000,ArabisNemo,245118,chr4
24361914.0,0.0,208,5000,50000,ArabisNemo,245118,chr4
24563088.0,0.0,208,5000,50000,ArabisNemo,245118,chr4
24764262.0,37.193417,208,5000,50000,ArabisNemo,245118,chr4
24965436.0,229.212769,208,5000,50000,ArabisNemo,245118,chr4
25166610.0,0.0,208,5000,50000,ArabisNemo,245118,chr4
25367784.0,0.0,208,5000,50000,ArabisNemo,245118,chr4
25568958.0,0.0,208,5000,50000,ArabisNemo,245118,chr4
25770132.0,0.0,208,5000,50000,ArabisNemo,245118,chr4
25971306.0,0.0,208,5000,50000,ArabisNemo,245118,chr4
26172480.0,0.0,208,5000,50000,ArabisNemo,245118,chr4
26373654.0,0.827628,208,5000,50000,ArabisNemo,245118,chr4
26574828.0,12.821671,208,5000,50000,ArabisNemo,245118,chr4
26776002.0,6.339642,208,5000,50000,ArabisNemo,245118,chr4
26977176.0,6.418264,208,5000,50000,ArabisNemo,245118,chr4
27178350.0,2.381987,208,5000,50000,ArabisNemo,245118,chr4
27379524.0,0.0,208,5000,50000,ArabisNemo,245118,chr4
27580698.0,0.0,208,5000,50000,ArabisNemo,245118,chr4
27781872.0,0.0,208,5000,50000,ArabisNemo,245118,chr4
27983046.0,0.0,208,5000,50000,ArabisNemo,245118,chr4
28184220.0,13.298496,208,5000,50000,ArabisNemo,245118,chr4
28385394.0,0.0,208,5000,50000,ArabisNemo,245118,chr4
28586568.0,5.53544,208,5000,50000,ArabisNemo,245118,chr4
28787742.0,0.0,208,5000,50000,ArabisNemo,245118,chr4
28988916.0,0.0,208,5000,50000,ArabisNemo,245118,chr4
29190090.0,0.0,208,5000,50000,ArabisNemo,245118,chr4
29391264.0,0.0,208,5000,50000,ArabisNemo,245118,chr4
29592438.0,11.544157,208,5000,50000,ArabisNemo,245118,chr4
29793612.0,0.0,208,5000,50000,ArabisNemo,245118,chr4
29994786.0,1.283911,208,5000,50000,ArabisNemo,245118,chr4
30195960.0,2.222991,208,5000,50000,ArabisNemo,245118,chr4
30397134.0,1.0,208,5000,50000,ArabisNemo,245118,chr4
30598308.0,1.227255,208,5000,50000,ArabisNemo,245118,chr4
30799482.0,1.985859,208,5000,50000,ArabisNemo,245118,chr4
31000656.0,2.602252,208,5000,50000,ArabisNemo,245118,chr4
31201830.0,12.482944,208,5000,50000,ArabisNemo,245118,chr4
31403004.0,0.0,208,5000,50000,ArabisNemo,245118,chr4
31604178.0,1.324595,208,5000,50000,ArabisNemo,245118,chr4
31805352.0,23.717316,208,5000,50000,ArabisNemo,245118,chr4
32006526.0,2.63921,208,5000,50000,ArabisNemo,245118,chr4
32207700.0,1.298974,208,5000,50000,ArabisNemo,245118,chr4
32408874.0,1.527719,208,5000,50000,ArabisNemo,245118,chr4
32610048.0,1.803944,208,5000,50000,ArabisNemo,245118,chr4
32811222.0,1.01976,208,5000,50000,ArabisNemo,245118,chr4
33012396.0,2.27415,208,5000,50000,ArabisNemo,245118,chr4
33213570.0,0.0,208,5000,50000,ArabisNemo,245118,chr4
33414744.0,2.657621,208,5000,50000,ArabisNemo,245118,chr4
33615916.0,1.525205,208,5000,50000,ArabisNemo,245118,chr4
33817088.0,2.130288,208,5000,50000,ArabisNemo,245118,chr4
34018260.0,1.974669,208,5000,50000,ArabisNemo,245118,chr4
34219432.0,21.437063,208,5000,50000,ArabisNemo,245118,chr4
34420604.0,0.0,208,5000,50000,ArabisNemo,245118,chr4
34621776.0,14.35924,208,5000,50000,ArabisNemo,245118,chr4
34822948.0,3.571036,208,5000,50000,ArabisNemo,245118,chr4
35024120.0,72.786789,208,5000,50000,ArabisNemo,245118,chr4
35225292.0,0.0,208,5000,50000,ArabisNemo,245118,chr4
35426464.0,4.090317,208,5000,50000,ArabisNemo,245118,chr4
35627636.0,1.314477,208,5000,50000,ArabisNemo,245118,chr4
35828808.0,0.0,208,5000,50000,ArabisNemo,245118,chr4
36029980.0,5.161069,208,5000,50000,ArabisNemo,245118,chr4
36231152.0,3.642348,208,5000,50000,ArabisNemo,245118,chr4
36432324.0,4.58493,208,5000,50000,ArabisNemo,245118,chr4
36633496.0,1.888134,208,5000,50000,ArabisNemo,245118,chr4
36834668.0,1.431309,208,5000,50000,ArabisNemo,245118,chr4
37035840.0,1.180257,208,5000,50000,ArabisNemo,245118,chr4
37237012.0,1.318372,208,5000,50000,ArabisNemo,245118,chr4
37438184.0,1.48026,208,5000,50000,ArabisNemo,245118,chr4
37639356.0,2.481069,208,5000,50000,ArabisNemo,245118,chr4
37840528.0,1.441974,208,5000,50000,ArabisNemo,245118,chr4
38041700.0,3.670435,208,5000,50000,ArabisNemo,245118,chr4
38242872.0,2.889181,208,5000,50000,ArabisNemo,245118,chr4
38444044.0,2.363646,208,5000,50000,ArabisNemo,245118,chr4
38645216.0,1.960686,208,5000,50000,ArabisNemo,245118,chr4
38846388.0,3.932757,208,5000,50000,ArabisNemo,245118,chr4
39047560.0,1.954534,208,5000,50000,ArabisNemo,245118,chr4
39248732.0,0.0,208,5000,50000,ArabisNemo,245118,chr4
39449904.0,1.12622,208,5000,50000,ArabisNemo,245118,chr4
39651076.0,1.847151,208,5000,50000,ArabisNemo,245118,chr4
39852248.0,1.510107,208,5000,50000,ArabisNemo,245118,chr4
40053420.0,2.80625,208,5000,50000,ArabisNemo,245118,chr4
40254592.0,3.351055,208,5000,50000,ArabisNemo,245118,chr4
40455764.0,1.290853,208,5000,50000,ArabisNemo,245118,chr4
40656936.0,2.177464,208,5000,50000,ArabisNemo,245118,chr4
40858108.0,1.362312,208,5000,50000,ArabisNemo,245118,chr4
41059280.0,1.235518,208,5000,50000,ArabisNemo,245118,chr4
41260452.0,1.112262,208,5000,50000,ArabisNemo,245118,chr4
41461624.0,5.157613,208,5000,50000,ArabisNemo,245118,chr4
41662796.0,0.0,208,5000,50000,ArabisNemo,245118,chr4
32350.0,0.0,111,5000,50000,ArabisNemo,163663,chr6
233127.7344,2.01928,111,5000,50000,ArabisNemo,163663,chr6
433905.4688,1.086702,111,5000,50000,ArabisNemo,163663,chr6
634683.1875,13.471406,111,5000,50000,ArabisNemo,163663,chr6
835460.9375,9.071635,111,5000,50000,ArabisNemo,163663,chr6
1036238.6875,1.973748,111,5000,50000,ArabisNemo,163663,chr6
1237016.375,4.5746,111,5000,50000,ArabisNemo,163663,chr6
1437794.125,37.459026,111,5000,50000,ArabisNemo,163663,chr6
1638571.875,6.237715,111,5000,50000,ArabisNemo,163663,chr6
1839349.625,3.164948,111,5000,50000,ArabisNemo,163663,chr6
2040127.375,3.355305,111,5000,50000,ArabisNemo,163663,chr6
2240905.0,1.161271,111,5000,50000,ArabisNemo,163663,chr6
2441682.75,8.180399,111,5000,50000,ArabisNemo,163663,chr6
2642460.5,1.709748,111,5000,50000,ArabisNemo,163663,chr6
2843238.25,13.189198,111,5000,50000,ArabisNemo,163663,chr6
3044016.0,1.218306,111,5000,50000,ArabisNemo,163663,chr6
3244793.75,130.491699,111,5000,50000,ArabisNemo,163663,chr6
3445571.5,0.957588,111,5000,50000,ArabisNemo,163663,chr6
3646349.25,1.38391,111,5000,50000,ArabisNemo,163663,chr6
3847127.0,5.965693,111,5000,50000,ArabisNemo,163663,chr6
4047904.75,1.020619,111,5000,50000,ArabisNemo,163663,chr6
4248682.5,1.414674,111,5000,50000,ArabisNemo,163663,chr6
4449460.0,2.536035,111,5000,50000,ArabisNemo,163663,chr6
4650237.5,8.353107,111,5000,50000,ArabisNemo,163663,chr6
4851015.0,6.172796,111,5000,50000,ArabisNemo,163663,chr6
5051792.5,3.198579,111,5000,50000,ArabisNemo,163663,chr6
5252570.0,8.244696,111,5000,50000,ArabisNemo,163663,chr6
5453347.5,1.073281,111,5000,50000,ArabisNemo,163663,chr6
5654125.0,6.946771,111,5000,50000,ArabisNemo,163663,chr6
5854902.5,2.228862,111,5000,50000,ArabisNemo,163663,chr6
6055680.0,0.0,111,5000,50000,ArabisNemo,163663,chr6
6256457.5,1.342066,111,5000,50000,ArabisNemo,163663,chr6
6457235.0,1.221254,111,5000,50000,ArabisNemo,163663,chr6
6658012.5,1.381281,111,5000,50000,ArabisNemo,163663,chr6
6858790.0,156.674423,111,5000,50000,ArabisNemo,163663,chr6
7059567.5,1.632803,111,5000,50000,ArabisNemo,163663,chr6
7260345.0,1.865516,111,5000,50000,ArabisNemo,163663,chr6
7461122.5,1.55768,111,5000,50000,ArabisNemo,163663,chr6
7661900.0,1.625944,111,5000,50000,ArabisNemo,163663,chr6
7862677.5,3.083225,111,5000,50000,ArabisNemo,163663,chr6
8063455.0,1.107571,111,5000,50000,ArabisNemo,163663,chr6
8264232.5,1.023238,111,5000,50000,ArabisNemo,163663,chr6
8465010.0,1.393361,111,5000,50000,ArabisNemo,163663,chr6
8665788.0,28.948416,111,5000,50000,ArabisNemo,163663,chr6
8866566.0,11.056222,111,5000,50000,ArabisNemo,163663,chr6
9067344.0,2.193052,111,5000,50000,ArabisNemo,163663,chr6
9268122.0,2.667118,111,5000,50000,ArabisNemo,163663,chr6
9468900.0,2.0695,111,5000,50000,ArabisNemo,163663,chr6
9669678.0,2.103364,111,5000,50000,ArabisNemo,163663,chr6
9870456.0,1.935067,111,5000,50000,ArabisNemo,163663,chr6
10071234.0,1.024235,111,5000,50000,ArabisNemo,163663,chr6
10272012.0,1.437738,111,5000,50000,ArabisNemo,163663,chr6
10472790.0,1.038075,111,5000,50000,ArabisNemo,163663,chr6
10673568.0,4.352418,111,5000,50000,ArabisNemo,163663,chr6
10874346.0,1.370825,111,5000,50000,ArabisNemo,163663,chr6
11075124.0,1.754348,111,5000,50000,ArabisNemo,163663,chr6
11275902.0,1.901443,111,5000,50000,ArabisNemo,163663,chr6
11476680.0,1.814135,111,5000,50000,ArabisNemo,163663,chr6
11677458.0,1.221483,111,5000,50000,ArabisNemo,163663,chr6
11878236.0,1.070544,111,5000,50000,ArabisNemo,163663,chr6
12079014.0,3.760899,111,5000,50000,ArabisNemo,163663,chr6
12279792.0,6.629352,111,5000,50000,ArabisNemo,163663,chr6
12480570.0,0.0,111,5000,50000,ArabisNemo,163663,chr6
12681348.0,6.556191,111,5000,50000,ArabisNemo,163663,chr6
12882126.0,2.312071,111,5000,50000,ArabisNemo,163663,chr6
13082904.0,0.932481,111,5000,50000,ArabisNemo,163663,chr6
13283682.0,0.0,111,5000,50000,ArabisNemo,163663,chr6
13484460.0,1.262789,111,5000,50000,ArabisNemo,163663,chr6
13685238.0,0.864101,111,5000,50000,ArabisNemo,163663,chr6
13886016.0,1.077709,111,5000,50000,ArabisNemo,163663,chr6
14086794.0,1.414151,111,5000,50000,ArabisNemo,163663,chr6
14287572.0,2.035076,111,5000,50000,ArabisNemo,163663,chr6
14488350.0,1.573605,111,5000,50000,ArabisNemo,163663,chr6
14689128.0,1.133069,111,5000,50000,ArabisNemo,163663,chr6
14889906.0,1.635305,111,5000,50000,ArabisNemo,163663,chr6
15090684.0,1.222695,111,5000,50000,ArabisNemo,163663,chr6
15291462.0,0.0,111,5000,50000,ArabisNemo,163663,chr6
15492240.0,1.791196,111,5000,50000,ArabisNemo,163663,chr6
15693018.0,1.677982,111,5000,50000,ArabisNemo,163663,chr6
15893796.0,2.71747,111,5000,50000,ArabisNemo,163663,chr6
16094574.0,1.272528,111,5000,50000,ArabisNemo,163663,chr6
16295352.0,1.203157,111,5000,50000,ArabisNemo,163663,chr6
16496130.0,6.924249,111,5000,50000,ArabisNemo,163663,chr6
16696908.0,29.97253,111,5000,50000,ArabisNemo,163663,chr6
16897686.0,0.0,111,5000,50000,ArabisNemo,163663,chr6
17098464.0,0.949733,111,5000,50000,ArabisNemo,163663,chr6
17299242.0,1.171515,111,5000,50000,ArabisNemo,163663,chr6
17500020.0,0.0,111,5000,50000,ArabisNemo,163663,chr6
17700798.0,0.988629,111,5000,50000,ArabisNemo,163663,chr6
17901576.0,0.0,111,5000,50000,ArabisNemo,163663,chr6
18102354.0,0.0,111,5000,50000,ArabisNemo,163663,chr6
18303132.0,1.064745,111,5000,50000,ArabisNemo,163663,chr6
18503910.0,1.363368,111,5000,50000,ArabisNemo,163663,chr6
18704688.0,0.957041,111,5000,50000,ArabisNemo,163663,chr6
18905466.0,0.0,111,5000,50000,ArabisNemo,163663,chr6
19106244.0,1.212149,111,5000,50000,ArabisNemo,163663,chr6
19307022.0,2.317709,111,5000,50000,ArabisNemo,163663,chr6
19507800.0,1.160085,111,5000,50000,ArabisNemo,163663,chr6
19708578.0,5.030945,111,5000,50000,ArabisNemo,163663,chr6
19909356.0,1.83185,111,5000,50000,ArabisNemo,163663,chr6
20110134.0,2.822597,111,5000,50000,ArabisNemo,163663,chr6
20310912.0,5.858627,111,5000,50000,ArabisNemo,163663,chr6
20511690.0,5.394674,111,5000,50000,ArabisNemo,163663,chr6
20712468.0,12.157003,111,5000,50000,ArabisNemo,163663,chr6
20913246.0,1.670496,111,5000,50000,ArabisNemo,163663,chr6
21114024.0,2.198223,111,5000,50000,ArabisNemo,163663,chr6
21314802.0,1.56921,111,5000,50000,ArabisNemo,163663,chr6
21515580.0,1.073065,111,5000,50000,ArabisNemo,163663,chr6
21716358.0,2.159983,111,5000,50000,ArabisNemo,163663,chr6
21917136.0,2.183286,111,5000,50000,ArabisNemo,163663,chr6
22117914.0,0.0,111,5000,50000,ArabisNemo,163663,chr6
4470.0,0.0,151,5000,50000,ArabisNemo,199824,chr3
205172.375,1.241619,151,5000,50000,ArabisNemo,199824,chr3
405874.75,1.352162,151,5000,50000,ArabisNemo,199824,chr3
606577.125,3.362084,151,5000,50000,ArabisNemo,199824,chr3
807279.5,2.236959,151,5000,50000,ArabisNemo,199824,chr3
1007981.875,1.299938,151,5000,50000,ArabisNemo,199824,chr3
1208684.25,1.20559,151,5000,50000,ArabisNemo,199824,chr3
1409386.625,1.397596,151,5000,50000,ArabisNemo,199824,chr3
1610089.0,1.862681,151,5000,50000,ArabisNemo,199824,chr3
1810791.375,1.525519,151,5000,50000,ArabisNemo,199824,chr3
2011493.75,1.594537,151,5000,50000,ArabisNemo,199824,chr3
2212196.0,4.572911,151,5000,50000,ArabisNemo,199824,chr3
2412898.5,1.435863,151,5000,50000,ArabisNemo,199824,chr3
2613601.0,2.13185,151,5000,50000,ArabisNemo,199824,chr3
2814303.5,3.272524,151,5000,50000,ArabisNemo,199824,chr3
3015006.0,2.026156,151,5000,50000,ArabisNemo,199824,chr3
3215708.5,2.152899,151,5000,50000,ArabisNemo,199824,chr3
3416411.0,1.463877,151,5000,50000,ArabisNemo,199824,chr3
3617113.5,3.412595,151,5000,50000,ArabisNemo,199824,chr3
3817816.0,1.245444,151,5000,50000,ArabisNemo,199824,chr3
4018518.5,1.499372,151,5000,50000,ArabisNemo,199824,chr3
4219221.0,3.591547,151,5000,50000,ArabisNemo,199824,chr3
4419923.5,1.916989,151,5000,50000,ArabisNemo,199824,chr3
4620626.0,11.853285,151,5000,50000,ArabisNemo,199824,chr3
4821328.5,1.379263,151,5000,50000,ArabisNemo,199824,chr3
5022031.0,16.334627,151,5000,50000,ArabisNemo,199824,chr3
5222733.5,2.064563,151,5000,50000,ArabisNemo,199824,chr3
5423436.0,1.971386,151,5000,50000,ArabisNemo,199824,chr3
5624138.5,6.182216,151,5000,50000,ArabisNemo,199824,chr3
5824841.0,1.990631,151,5000,50000,ArabisNemo,199824,chr3
6025543.5,0.0,151,5000,50000,ArabisNemo,199824,chr3
6226246.0,1.188991,151,5000,50000,ArabisNemo,199824,chr3
6426948.5,1.500886,151,5000,50000,ArabisNemo,199824,chr3
6627651.0,1.986004,151,5000,50000,ArabisNemo,199824,chr3
6828353.5,3.093085,151,5000,50000,ArabisNemo,199824,chr3
7029056.0,1.715212,151,5000,50000,ArabisNemo,199824,chr3
7229758.5,1.888286,151,5000,50000,ArabisNemo,199824,chr3
7430461.0,3.238618,151,5000,50000,ArabisNemo,199824,chr3
7631163.5,1.690433,151,5000,50000,ArabisNemo,199824,chr3
7831866.0,1.958906,151,5000,50000,ArabisNemo,199824,chr3
8032568.5,1.045799,151,5000,50000,ArabisNemo,199824,chr3
8233271.0,6.902518,151,5000,50000,ArabisNemo,199824,chr3
8433973.0,1.622423,151,5000,50000,ArabisNemo,199824,chr3
8634675.0,6.366927,151,5000,50000,ArabisNemo,199824,chr3
8835377.0,1.153109,151,5000,50000,ArabisNemo,199824,chr3
9036079.0,0.0,151,5000,50000,ArabisNemo,199824,chr3
9236781.0,1.84227,151,5000,50000,ArabisNemo,199824,chr3
9437483.0,1.51635,151,5000,50000,ArabisNemo,199824,chr3
9638185.0,1.103883,151,5000,50000,ArabisNemo,199824,chr3
9838887.0,1.953955,151,5000,50000,ArabisNemo,199824,chr3
10039589.0,1.443756,151,5000,50000,ArabisNemo,199824,chr3
10240291.0,0.0,151,5000,50000,ArabisNemo,199824,chr3
10440993.0,1.112592,151,5000,50000,ArabisNemo,199824,chr3
10641695.0,1.298449,151,5000,50000,ArabisNemo,199824,chr3
10842397.0,1.812636,151,5000,50000,ArabisNemo,199824,chr3
11043099.0,1.609627,151,5000,50000,ArabisNemo,199824,chr3
11243801.0,2.407082,151,5000,50000,ArabisNemo,199824,chr3
11444503.0,1.708012,151,5000,50000,ArabisNemo,199824,chr3
11645205.0,2.85328,151,5000,50000,ArabisNemo,199824,chr3
11845907.0,1.559546,151,5000,50000,ArabisNemo,199824,chr3
12046609.0,1.516926,151,5000,50000,ArabisNemo,199824,chr3
12247311.0,4.565949,151,5000,50000,ArabisNemo,199824,chr3
12448013.0,1.750793,151,5000,50000,ArabisNemo,199824,chr3
12648715.0,3.781946,151,5000,50000,ArabisNemo,199824,chr3
12849417.0,1.151183,151,5000,50000,ArabisNemo,199824,chr3
13050119.0,1.730484,151,5000,50000,ArabisNemo,199824,chr3
13250821.0,11.284692,151,5000,50000,ArabisNemo,199824,chr3
13451523.0,1.128684,151,5000,50000,ArabisNemo,199824,chr3
13652225.0,4.092609,151,5000,50000,ArabisNemo,199824,chr3
13852927.0,1.2215,151,5000,50000,ArabisNemo,199824,chr3
14053629.0,1.023362,151,5000,50000,ArabisNemo,199824,chr3
14254331.0,1.054892,151,5000,50000,ArabisNemo,199824,chr3
14455033.0,1.079073,151,5000,50000,ArabisNemo,199824,chr3
14655735.0,0.0,151,5000,50000,ArabisNemo,199824,chr3
14856437.0,1.48862,151,5000,50000,ArabisNemo,199824,chr3
15057139.0,1.268334,151,5000,50000,ArabisNemo,199824,chr3
15257841.0,9.778191,151,5000,50000,ArabisNemo,199824,chr3
15458543.0,1.167784,151,5000,50000,ArabisNemo,199824,chr3
15659245.0,2.454593,151,5000,50000,ArabisNemo,199824,chr3
15859947.0,7.184372,151,5000,50000,ArabisNemo,199824,chr3
16060649.0,5.180911,151,5000,50000,ArabisNemo,199824,chr3
16261351.0,0.954582,151,5000,50000,ArabisNemo,199824,chr3
16462053.0,1.227812,151,5000,50000,ArabisNemo,199824,chr3
16662755.0,2.365168,151,5000,50000,ArabisNemo,199824,chr3
16863458.0,3.516738,151,5000,50000,ArabisNemo,199824,chr3
17064160.0,1.135284,151,5000,50000,ArabisNemo,199824,chr3
17264862.0,1.114716,151,5000,50000,ArabisNemo,199824,chr3
17465564.0,1.126598,151,5000,50000,ArabisNemo,199824,chr3
17666266.0,1.174838,151,5000,50000,ArabisNemo,199824,chr3
17866968.0,26.959505,151,5000,50000,ArabisNemo,199824,chr3
18067670.0,1.606441,151,5000,50000,ArabisNemo,199824,chr3
18268372.0,13.060079,151,5000,50000,ArabisNemo,199824,chr3
18469074.0,1.107484,151,5000,50000,ArabisNemo,199824,chr3
18669776.0,0.941915,151,5000,50000,ArabisNemo,199824,chr3
18870478.0,1.555127,151,5000,50000,ArabisNemo,199824,chr3
19071180.0,2.442998,151,5000,50000,ArabisNemo,199824,chr3
19271882.0,1.235998,151,5000,50000,ArabisNemo,199824,chr3
19472584.0,1.720827,151,5000,50000,ArabisNemo,199824,chr3
19673286.0,2.767931,151,5000,50000,ArabisNemo,199824,chr3
19873988.0,1.589223,151,5000,50000,ArabisNemo,199824,chr3
20074690.0,1.537574,151,5000,50000,ArabisNemo,199824,chr3
20275392.0,1.369232,151,5000,50000,ArabisNemo,199824,chr3
20476094.0,1.289345,151,5000,50000,ArabisNemo,199824,chr3
20676796.0,1.598681,151,5000,50000,ArabisNemo,199824,chr3
20877498.0,0.861207,151,5000,50000,ArabisNemo,199824,chr3
21078200.0,114.995552,151,5000,50000,ArabisNemo,199824,chr3
21278902.0,0.0,151,5000,50000,ArabisNemo,199824,chr3
21479604.0,0.0,151,5000,50000,ArabisNemo,199824,chr3
21680306.0,1.441747,151,5000,50000,ArabisNemo,199824,chr3
21881008.0,1.588328,151,5000,50000,ArabisNemo,199824,chr3
22081710.0,1.767454,151,5000,50000,ArabisNemo,199824,chr3
22282412.0,2.713192,151,5000,50000,ArabisNemo,199824,chr3
22483114.0,1.140538,151,5000,50000,ArabisNemo,199824,chr3
22683816.0,0.0,151,5000,50000,ArabisNemo,199824,chr3
22884518.0,4.212383,151,5000,50000,ArabisNemo,199824,chr3
23085220.0,2.505594,151,5000,50000,ArabisNemo,199824,chr3
23285922.0,1.170488,151,5000,50000,ArabisNemo,199824,chr3
23486624.0,1.285791,151,5000,50000,ArabisNemo,199824,chr3
23687326.0,0.0,151,5000,50000,ArabisNemo,199824,chr3
23888028.0,4.558881,151,5000,50000,ArabisNemo,199824,chr3
24088730.0,1.801465,151,5000,50000,ArabisNemo,199824,chr3
24289432.0,1.581933,151,5000,50000,ArabisNemo,199824,chr3
24490134.0,1.163652,151,5000,50000,ArabisNemo,199824,chr3
24690836.0,1.266608,151,5000,50000,ArabisNemo,199824,chr3
24891538.0,2.611645,151,5000,50000,ArabisNemo,199824,chr3
25092240.0,1.765783,151,5000,50000,ArabisNemo,199824,chr3
25292942.0,3.899112,151,5000,50000,ArabisNemo,199824,chr3
25493644.0,5.869627,151,5000,50000,ArabisNemo,199824,chr3
25694346.0,1.699833,151,5000,50000,ArabisNemo,199824,chr3
25895048.0,6.481431,151,5000,50000,ArabisNemo,199824,chr3
26095750.0,1.152651,151,5000,50000,ArabisNemo,199824,chr3
26296452.0,1.62566,151,5000,50000,ArabisNemo,199824,chr3
26497154.0,0.0,151,5000,50000,ArabisNemo,199824,chr3
26697856.0,0.0,151,5000,50000,ArabisNemo,199824,chr3
26898558.0,4.670109,151,5000,50000,ArabisNemo,199824,chr3
27099260.0,1.039567,151,5000,50000,ArabisNemo,199824,chr3
27299962.0,3.977174,151,5000,50000,ArabisNemo,199824,chr3
27500664.0,1.621014,151,5000,50000,ArabisNemo,199824,chr3
27701366.0,1.669096,151,5000,50000,ArabisNemo,199824,chr3
27902068.0,1.021873,151,5000,50000,ArabisNemo,199824,chr3
28102770.0,1.354863,151,5000,50000,ArabisNemo,199824,chr3
28303472.0,4.068464,151,5000,50000,ArabisNemo,199824,chr3
28504174.0,1.498372,151,5000,50000,ArabisNemo,199824,chr3
28704876.0,2.018137,151,5000,50000,ArabisNemo,199824,chr3
28905578.0,1.27034,151,5000,50000,ArabisNemo,199824,chr3
29106280.0,0.0,151,5000,50000,ArabisNemo,199824,chr3
29306982.0,1.845081,151,5000,50000,ArabisNemo,199824,chr3
29507684.0,1.517055,151,5000,50000,ArabisNemo,199824,chr3
29708386.0,2.037527,151,5000,50000,ArabisNemo,199824,chr3
29909088.0,1.592379,151,5000,50000,ArabisNemo,199824,chr3
30109790.0,0.0,151,5000,50000,ArabisNemo,199824,chr3
27368.0,0.0,199,5000,50000,ArabisNemo,258252,chr8
228647.9219,0.0,199,5000,50000,ArabisNemo,258252,chr8
429927.8438,0.0,199,5000,50000,ArabisNemo,258252,chr8
631207.75,0.0,199,5000,50000,ArabisNemo,258252,chr8
832487.6875,1.264584,199,5000,50000,ArabisNemo,258252,chr8
1033767.625,5.496826,199,5000,50000,ArabisNemo,258252,chr8
1235047.5,1.856569,199,5000,50000,ArabisNemo,258252,chr8
1436327.375,1.949648,199,5000,50000,ArabisNemo,258252,chr8
1637607.25,1.186628,199,5000,50000,ArabisNemo,258252,chr8
1838887.125,1.334399,199,5000,50000,ArabisNemo,258252,chr8
2040167.0,2.77774,199,5000,50000,ArabisNemo,258252,chr8
2241447.0,1.36744,199,5000,50000,ArabisNemo,258252,chr8
2442727.0,1.194618,199,5000,50000,ArabisNemo,258252,chr8
2644007.0,1.157054,199,5000,50000,ArabisNemo,258252,chr8
2845287.0,2.388257,199,5000,50000,ArabisNemo,258252,chr8
3046567.0,1.545156,199,5000,50000,ArabisNemo,258252,chr8
3247847.0,2.040798,199,5000,50000,ArabisNemo,258252,chr8
3449127.0,1.922725,199,5000,50000,ArabisNemo,258252,chr8
3650407.0,5.134435,199,5000,50000,ArabisNemo,258252,chr8
3851687.0,1.348458,199,5000,50000,ArabisNemo,258252,chr8
4052967.0,1.505067,199,5000,50000,ArabisNemo,258252,chr8
4254247.0,44.19059,199,5000,50000,ArabisNemo,258252,chr8
4455527.0,3.159655,199,5000,50000,ArabisNemo,258252,chr8
4656807.0,1.381457,199,5000,50000,ArabisNemo,258252,chr8
4858087.0,2.282475,199,5000,50000,ArabisNemo,258252,chr8
5059367.0,2.011008,199,5000,50000,ArabisNemo,258252,chr8
5260647.0,1.212139,199,5000,50000,ArabisNemo,258252,chr8
5461927.0,11.985484,199,5000,50000,ArabisNemo,258252,chr8
5663207.0,1.051171,199,5000,50000,ArabisNemo,258252,chr8
5864487.0,4.784004,199,5000,50000,ArabisNemo,258252,chr8
6065767.0,0.793566,199,5000,50000,ArabisNemo,258252,chr8
6267047.0,1.722027,199,5000,50000,ArabisNemo,258252,chr8
6468327.0,2.374208,199,5000,50000,ArabisNemo,258252,chr8
6669607.0,1.42575,199,5000,50000,ArabisNemo,258252,chr8
6870887.0,11.432031,199,5000,50000,ArabisNemo,258252,chr8
7072167.0,2.455835,199,5000,50000,ArabisNemo,258252,chr8
7273447.0,3.472221,199,5000,50000,ArabisNemo,258252,chr8
7474727.0,1.336246,199,5000,50000,ArabisNemo,258252,chr8
7676007.0,1.223644,199,5000,50000,ArabisNemo,258252,chr8
7877287.0,1.428992,199,5000,50000,ArabisNemo,258252,chr8
8078567.0,2.524481,199,5000,50000,ArabisNemo,258252,chr8
8279847.0,7.68163,199,5000,50000,ArabisNemo,258252,chr8
8481127.0,2.618858,199,5000,50000,ArabisNemo,258252,chr8
8682407.0,1.641604,199,5000,50000,ArabisNemo,258252,chr8
8883687.0,1.278923,199,5000,50000,ArabisNemo,258252,chr8
9084967.0,1.550461,199,5000,50000,ArabisNemo,258252,chr8
9286247.0,3.509752,199,5000,50000,ArabisNemo,258252,chr8
9487527.0,1.131305,199,5000,50000,ArabisNemo,258252,chr8
9688807.0,1.470547,199,5000,50000,ArabisNemo,258252,chr8
9890087.0,1.593645,199,5000,50000,ArabisNemo,258252,chr8
10091367.0,2.004076,199,5000,50000,ArabisNemo,258252,chr8
10292647.0,2.220665,199,5000,50000,ArabisNemo,258252,chr8
10493927.0,1.774791,199,5000,50000,ArabisNemo,258252,chr8
10695207.0,1.156218,199,5000,50000,ArabisNemo,258252,chr8
10896487.0,3.501662,199,5000,50000,ArabisNemo,258252,chr8
11097767.0,1.744881,199,5000,50000,ArabisNemo,258252,chr8
11299047.0,1.113538,199,5000,50000,ArabisNemo,258252,chr8
11500327.0,23.348413,199,5000,50000,ArabisNemo,258252,chr8
11701607.0,1.411377,199,5000,50000,ArabisNemo,258252,chr8
11902887.0,1.744401,199,5000,50000,ArabisNemo,258252,chr8
12104167.0,3.440065,199,5000,50000,ArabisNemo,258252,chr8
12305447.0,3.890307,199,5000,50000,ArabisNemo,258252,chr8
12506727.0,1.249589,199,5000,50000,ArabisNemo,258252,chr8
12708007.0,1.096925,199,5000,50000,ArabisNemo,258252,chr8
12909287.0,1.891072,199,5000,50000,ArabisNemo,258252,chr8
13110567.0,2.003789,199,5000,50000,ArabisNemo,258252,chr8
13311847.0,1.317464,199,5000,50000,ArabisNemo,258252,chr8
13513127.0,3.051653,199,5000,50000,ArabisNemo,258252,chr8
13714407.0,0.0,199,5000,50000,ArabisNemo,258252,chr8
13915687.0,0.0,199,5000,50000,ArabisNemo,258252,chr8
14116967.0,2.466758,199,5000,50000,ArabisNemo,258252,chr8
14318247.0,1.641875,199,5000,50000,ArabisNemo,258252,chr8
14519527.0,1.104024,199,5000,50000,ArabisNemo,258252,chr8
14720807.0,15.818043,199,5000,50000,ArabisNemo,258252,chr8
14922087.0,1.093143,199,5000,50000,ArabisNemo,258252,chr8
15123367.0,0.0,199,5000,50000,ArabisNemo,258252,chr8
15324647.0,0.933142,199,5000,50000,ArabisNemo,258252,chr8
15525927.0,0.0,199,5000,50000,ArabisNemo,258252,chr8
15727207.0,1.303853,199,5000,50000,ArabisNemo,258252,chr8
15928487.0,6.719511,199,5000,50000,ArabisNemo,258252,chr8
16129767.0,6.055578,199,5000,50000,ArabisNemo,258252,chr8
16331047.0,3.316908,199,5000,50000,ArabisNemo,258252,chr8
16532327.0,0.0,199,5000,50000,ArabisNemo,258252,chr8
16733607.0,0.0,199,5000,50000,ArabisNemo,258252,chr8
16934886.0,13.701079,199,5000,50000,ArabisNemo,258252,chr8
17136166.0,2.009609,199,5000,50000,ArabisNemo,258252,chr8
17337446.0,1.233332,199,5000,50000,ArabisNemo,258252,chr8
17538726.0,1.310717,199,5000,50000,ArabisNemo,258252,chr8
17740006.0,0.0,199,5000,50000,ArabisNemo,258252,chr8
17941286.0,1.614206,199,5000,50000,ArabisNemo,258252,chr8
18142566.0,1.007816,199,5000,50000,ArabisNemo,258252,chr8
18343846.0,0.0,199,5000,50000,ArabisNemo,258252,chr8
18545126.0,0.0,199,5000,50000,ArabisNemo,258252,chr8
18746406.0,0.0,199,5000,50000,ArabisNemo,258252,chr8
18947686.0,0.0,199,5000,50000,ArabisNemo,258252,chr8
19148966.0,3.750663,199,5000,50000,ArabisNemo,258252,chr8
19350246.0,0.938566,199,5000,50000,ArabisNemo,258252,chr8
19551526.0,2.351465,199,5000,50000,ArabisNemo,258252,chr8
19752806.0,1.240241,199,5000,50000,ArabisNemo,258252,chr8
19954086.0,2.088304,199,5000,50000,ArabisNemo,258252,chr8
20155366.0,1.803306,199,5000,50000,ArabisNemo,258252,chr8
20356646.0,8.861796,199,5000,50000,ArabisNemo,258252,chr8
20557926.0,2.531324,199,5000,50000,ArabisNemo,258252,chr8
20759206.0,1.806196,199,5000,50000,ArabisNemo,258252,chr8
20960486.0,1.992605,199,5000,50000,ArabisNemo,258252,chr8
21161766.0,0.0,199,5000,50000,ArabisNemo,258252,chr8
21363046.0,0.903251,199,5000,50000,ArabisNemo,258252,chr8
21564326.0,3.125927,199,5000,50000,ArabisNemo,258252,chr8
21765606.0,146.133255,199,5000,50000,ArabisNemo,258252,chr8
21966886.0,128.270645,199,5000,50000,ArabisNemo,258252,chr8
22168166.0,1.421,199,5000,50000,ArabisNemo,258252,chr8
22369446.0,0.0,199,5000,50000,ArabisNemo,258252,chr8
22570726.0,1.775611,199,5000,50000,ArabisNemo,258252,chr8
22772006.0,17.990929,199,5000,50000,ArabisNemo,258252,chr8
22973286.0,1.629704,199,5000,50000,ArabisNemo,258252,chr8
23174566.0,1.452955,199,5000,50000,ArabisNemo,258252,chr8
23375846.0,1.010005,199,5000,50000,ArabisNemo,258252,chr8
23577126.0,6.491172,199,5000,50000,ArabisNemo,258252,chr8
23778406.0,15.701394,199,5000,50000,ArabisNemo,258252,chr8
23979686.0,1.109697,199,5000,50000,ArabisNemo,258252,chr8
24180966.0,73.018921,199,5000,50000,ArabisNemo,258252,chr8
24382246.0,1.884488,199,5000,50000,ArabisNemo,258252,chr8
24583526.0,1.880599,199,5000,50000,ArabisNemo,258252,chr8
24784806.0,2.688061,199,5000,50000,ArabisNemo,258252,chr8
24986086.0,1.351299,199,5000,50000,ArabisNemo,258252,chr8
25187366.0,1.24496,199,5000,50000,ArabisNemo,258252,chr8
25388646.0,5.104025,199,5000,50000,ArabisNemo,258252,chr8
25589926.0,1.579683,199,5000,50000,ArabisNemo,258252,chr8
25791206.0,12.414598,199,5000,50000,ArabisNemo,258252,chr8
25992486.0,0.0,199,5000,50000,ArabisNemo,258252,chr8
26193766.0,1.091612,199,5000,50000,ArabisNemo,258252,chr8
26395046.0,1.413947,199,5000,50000,ArabisNemo,258252,chr8
26596326.0,2.103017,199,5000,50000,ArabisNemo,258252,chr8
26797606.0,1.74211,199,5000,50000,ArabisNemo,258252,chr8
26998886.0,2.94775,199,5000,50000,ArabisNemo,258252,chr8
27200166.0,11.421838,199,5000,50000,ArabisNemo,258252,chr8
27401446.0,1.883578,199,5000,50000,ArabisNemo,258252,chr8
27602726.0,2.310184,199,5000,50000,ArabisNemo,258252,chr8
27804006.0,0.0,199,5000,50000,ArabisNemo,258252,chr8
28005286.0,2.072852,199,5000,50000,ArabisNemo,258252,chr8
28206566.0,1.431023,199,5000,50000,ArabisNemo,258252,chr8
28407846.0,1.21752,199,5000,50000,ArabisNemo,258252,chr8
28609126.0,1.35794,199,5000,50000,ArabisNemo,258252,chr8
28810406.0,0.0,199,5000,50000,ArabisNemo,258252,chr8
29011686.0,2.427739,199,5000,50000,ArabisNemo,258252,chr8
29212966.0,3.593065,199,5000,50000,ArabisNemo,258252,chr8
29414246.0,1.816563,199,5000,50000,ArabisNemo,258252,chr8
29615526.0,2.040552,199,5000,50000,ArabisNemo,258252,chr8
29816806.0,1.973488,199,5000,50000,ArabisNemo,258252,chr8
30018086.0,1.729931,199,5000,50000,ArabisNemo,258252,chr8
30219366.0,1.722516,199,5000,50000,ArabisNemo,258252,chr8
30420646.0,1.21752,199,5000,50000,ArabisNemo,258252,chr8
30621926.0,0.0,199,5000,50000,ArabisNemo,258252,chr8
30823206.0,2.447367,199,5000,50000,ArabisNemo,258252,chr8
31024486.0,10.098209,199,5000,50000,ArabisNemo,258252,chr8
31225766.0,1.47681,199,5000,50000,ArabisNemo,258252,chr8
31427046.0,3.540547,199,5000,50000,ArabisNemo,258252,chr8
31628326.0,2.924204,199,5000,50000,ArabisNemo,258252,chr8
31829606.0,1.907848,199,5000,50000,ArabisNemo,258252,chr8
32030886.0,0.768543,199,5000,50000,ArabisNemo,258252,chr8
32232166.0,1.222081,199,5000,50000,ArabisNemo,258252,chr8
32433446.0,1.971189,199,5000,50000,ArabisNemo,258252,chr8
32634726.0,1.673618,199,5000,50000,ArabisNemo,258252,chr8
32836006.0,1.301103,199,5000,50000,ArabisNemo,258252,chr8
33037286.0,5.703095,199,5000,50000,ArabisNemo,258252,chr8
33238566.0,1.507189,199,5000,50000,ArabisNemo,258252,chr8
33439846.0,1.252768,199,5000,50000,ArabisNemo,258252,chr8
33641124.0,7.480073,199,5000,50000,ArabisNemo,258252,chr8
33842404.0,0.0,199,5000,50000,ArabisNemo,258252,chr8
34043684.0,1.310197,199,5000,50000,ArabisNemo,258252,chr8
34244964.0,1.936219,199,5000,50000,ArabisNemo,258252,chr8
34446244.0,2.511927,199,5000,50000,ArabisNemo,258252,chr8
34647524.0,1.305692,199,5000,50000,ArabisNemo,258252,chr8
34848804.0,1.145175,199,5000,50000,ArabisNemo,258252,chr8
35050084.0,4.66472,199,5000,50000,ArabisNemo,258252,chr8
35251364.0,9.077585,199,5000,50000,ArabisNemo,258252,chr8
35452644.0,1.036888,199,5000,50000,ArabisNemo,258252,chr8
35653924.0,0.0,199,5000,50000,ArabisNemo,258252,chr8
35855204.0,1.9539,199,5000,50000,ArabisNemo,258252,chr8
36056484.0,1.749994,199,5000,50000,ArabisNemo,258252,chr8
36257764.0,2.803731,199,5000,50000,ArabisNemo,258252,chr8
36459044.0,0.0,199,5000,50000,ArabisNemo,258252,chr8
36660324.0,0.0,199,5000,50000,ArabisNemo,258252,chr8
36861604.0,1.25088,199,5000,50000,ArabisNemo,258252,chr8
37062884.0,2.096867,199,5000,50000,ArabisNemo,258252,chr8
37264164.0,4.66398,199,5000,50000,ArabisNemo,258252,chr8
37465444.0,1.359715,199,5000,50000,ArabisNemo,258252,chr8
37666724.0,1.147845,199,5000,50000,ArabisNemo,258252,chr8
37868004.0,1.068249,199,5000,50000,ArabisNemo,258252,chr8
38069284.0,2.097427,199,5000,50000,ArabisNemo,258252,chr8
38270564.0,1.556471,199,5000,50000,ArabisNemo,258252,chr8
38471844.0,1.385988,199,5000,50000,ArabisNemo,258252,chr8
38673124.0,10.61487,199,5000,50000,ArabisNemo,258252,chr8
38874404.0,3.701013,199,5000,50000,ArabisNemo,258252,chr8
39075684.0,4.061824,199,5000,50000,ArabisNemo,258252,chr8
39276964.0,1.153309,199,5000,50000,ArabisNemo,258252,chr8
39478244.0,0.0,199,5000,50000,ArabisNemo,258252,chr8
39679524.0,4.81595,199,5000,50000,ArabisNemo,258252,chr8
39880804.0,0.0,199,5000,50000,ArabisNemo,258252,chr8
4713.0,0.0,157,5000,50000,ArabisNemo,209663,chr1
205428.3906,41.584438,157,5000,50000,ArabisNemo,209663,chr1
406143.7812,1.512143,157,5000,50000,ArabisNemo,209663,chr1
606859.1875,1.037666,157,5000,50000,ArabisNemo,209663,chr1
807574.5625,1.479636,157,5000,50000,ArabisNemo,209663,chr1
1008289.9375,1.862364,157,5000,50000,ArabisNemo,209663,chr1
1209005.375,2.509892,157,5000,50000,ArabisNemo,209663,chr1
1409720.75,0.964114,157,5000,50000,ArabisNemo,209663,chr1
1610436.125,1.491058,157,5000,50000,ArabisNemo,209663,chr1
1811151.5,1.517196,157,5000,50000,ArabisNemo,209663,chr1
2011866.875,1.441056,157,5000,50000,ArabisNemo,209663,chr1
2212582.25,1.619391,157,5000,50000,ArabisNemo,209663,chr1
2413297.75,1.385659,157,5000,50000,ArabisNemo,209663,chr1
2614013.25,1.823767,157,5000,50000,ArabisNemo,209663,chr1
2814728.75,1.588022,157,5000,50000,ArabisNemo,209663,chr1
3015444.25,1.540543,157,5000,50000,ArabisNemo,209663,chr1
3216159.75,1.006945,157,5000,50000,ArabisNemo,209663,chr1
3416875.25,2.658329,157,5000,50000,ArabisNemo,209663,chr1
3617590.75,1.342599,157,5000,50000,ArabisNemo,209663,chr1
3818306.25,1.978035,157,5000,50000,ArabisNemo,209663,chr1
4019021.75,11.898194,157,5000,50000,ArabisNemo,209663,chr1
4219737.0,2.710592,157,5000,50000,ArabisNemo,209663,chr1
4420452.5,1.671923,157,5000,50000,ArabisNemo,209663,chr1
4621168.0,1.590654,157,5000,50000,ArabisNemo,209663,chr1
4821883.5,5.175292,157,5000,50000,ArabisNemo,209663,chr1
5022599.0,2.092163,157,5000,50000,ArabisNemo,209663,chr1
5223314.5,1.726276,157,5000,50000,ArabisNemo,209663,chr1
5424030.0,2.342193,157,5000,50000,ArabisNemo,209663,chr1
5624745.5,3.351115,157,5000,50000,ArabisNemo,209663,chr1
5825461.0,1.967539,157,5000,50000,ArabisNemo,209663,chr1
6026176.5,4.667032,157,5000,50000,ArabisNemo,209663,chr1
6226892.0,3.179463,157,5000,50000,ArabisNemo,209663,chr1
6427607.5,1.435123,157,5000,50000,ArabisNemo,209663,chr1
6628323.0,5.617128,157,5000,50000,ArabisNemo,209663,chr1
6829038.5,1.485381,157,5000,50000,ArabisNemo,209663,chr1
7029754.0,4.103411,157,5000,50000,ArabisNemo,209663,chr1
7230469.5,8.058483,157,5000,50000,ArabisNemo,209663,chr1
7431185.0,1.418695,157,5000,50000,ArabisNemo,209663,chr1
7631900.5,1.288847,157,5000,50000,ArabisNemo,209663,chr1
7832616.0,2.332283,157,5000,50000,ArabisNemo,209663,chr1
8033331.5,1.605335,157,5000,50000,ArabisNemo,209663,chr1
8234047.0,3.373378,157,5000,50000,ArabisNemo,209663,chr1
8434762.0,1.656498,157,5000,50000,ArabisNemo,209663,chr1
8635477.0,1.483633,157,5000,50000,ArabisNemo,209663,chr1
8836192.0,2.484531,157,5000,50000,ArabisNemo,209663,chr1
9036907.0,4.936764,157,5000,50000,ArabisNemo,209663,chr1
9237622.0,2.405243,157,5000,50000,ArabisNemo,209663,chr1
9438337.0,1.698269,157,5000,50000,ArabisNemo,209663,chr1
9639052.0,1.29534,157,5000,50000,ArabisNemo,209663,chr1
9839767.0,1.47687,157,5000,50000,ArabisNemo,209663,chr1
10040482.0,1.355675,157,5000,50000,ArabisNemo,209663,chr1
10241197.0,3.184629,157,5000,50000,ArabisNemo,209663,chr1
10441912.0,1.659841,157,5000,50000,ArabisNemo,209663,chr1
10642627.0,1.29555,157,5000,50000,ArabisNemo,209663,chr1
10843342.0,1.751005,157,5000,50000,ArabisNemo,209663,chr1
11044057.0,2.974291,157,5000,50000,ArabisNemo,209663,chr1
11244772.0,1.488565,157,5000,50000,ArabisNemo,209663,chr1
11445487.0,1.230858,157,5000,50000,ArabisNemo,209663,chr1
11646202.0,2.148973,157,5000,50000,ArabisNemo,209663,chr1
11846917.0,1.733081,157,5000,50000,ArabisNemo,209663,chr1
12047632.0,2.048172,157,5000,50000,ArabisNemo,209663,chr1
12248347.0,1.083518,157,5000,50000,ArabisNemo,209663,chr1
12449062.0,6.148272,157,5000,50000,ArabisNemo,209663,chr1
12649777.0,1.663737,157,5000,50000,ArabisNemo,209663,chr1
12850492.0,1.501497,157,5000,50000,ArabisNemo,209663,chr1
13051207.0,3.897638,157,5000,50000,ArabisNemo,209663,chr1
13251922.0,2.358219,157,5000,50000,ArabisNemo,209663,chr1
13452637.0,7.740722,157,5000,50000,ArabisNemo,209663,chr1
13653352.0,2.679422,157,5000,50000,ArabisNemo,209663,chr1
13854067.0,0.0,157,5000,50000,ArabisNemo,209663,chr1
14054782.0,0.0,157,5000,50000,ArabisNemo,209663,chr1
14255497.0,4.922363,157,5000,50000,ArabisNemo,209663,chr1
14456212.0,1.608403,157,5000,50000,ArabisNemo,209663,chr1
14656927.0,0.0,157,5000,50000,ArabisNemo,209663,chr1
14857642.0,0.0,157,5000,50000,ArabisNemo,209663,chr1
15058357.0,2.873096,157,5000,50000,ArabisNemo,209663,chr1
15259072.0,0.0,157,5000,50000,ArabisNemo,209663,chr1
15459787.0,2.506201,157,5000,50000,ArabisNemo,209663,chr1
15660502.0,18.222488,157,5000,50000,ArabisNemo,209663,chr1
15861217.0,0.903612,157,5000,50000,ArabisNemo,209663,chr1
16061932.0,1.118399,157,5000,50000,ArabisNemo,209663,chr1
16262647.0,43.755314,157,5000,50000,ArabisNemo,209663,chr1
16463362.0,0.0,157,5000,50000,ArabisNemo,209663,chr1
16664077.0,1.154317,157,5000,50000,ArabisNemo,209663,chr1
16864792.0,3.005249,157,5000,50000,ArabisNemo,209663,chr1
17065508.0,1.480818,157,5000,50000,ArabisNemo,209663,chr1
17266224.0,2.763258,157,5000,50000,ArabisNemo,209663,chr1
17466940.0,1.515717,157,5000,50000,ArabisNemo,209663,chr1
17667656.0,1.13919,157,5000,50000,ArabisNemo,209663,chr1
17868372.0,1.109434,157,5000,50000,ArabisNemo,209663,chr1
18069088.0,0.960042,157,5000,50000,ArabisNemo,209663,chr1
18269804.0,0.0,157,5000,50000,ArabisNemo,209663,chr1
18470520.0,20.155067,157,5000,50000,ArabisNemo,209663,chr1
18671236.0,1.078088,157,5000,50000,ArabisNemo,209663,chr1
18871952.0,0.0,157,5000,50000,ArabisNemo,209663,chr1
19072668.0,1.939708,157,5000,50000,ArabisNemo,209663,chr1
19273384.0,2.328329,157,5000,50000,ArabisNemo,209663,chr1
19474100.0,22.414509,157,5000,50000,ArabisNemo,209663,chr1
19674816.0,4.327618,157,5000,50000,ArabisNemo,209663,chr1
19875532.0,0.0,157,5000,50000,ArabisNemo,209663,chr1
20076248.0,0.0,157,5000,50000,ArabisNemo,209663,chr1
20276964.0,19.214659,157,5000,50000,ArabisNemo,209663,chr1
20477680.0,0.0,157,5000,50000,ArabisNemo,209663,chr1
20678396.0,0.0,157,5000,50000,ArabisNemo,209663,chr1
20879112.0,7.185887,157,5000,50000,ArabisNemo,209663,chr1
21079828.0,0.0,157,5000,50000,ArabisNemo,209663,chr1
21280544.0,0.0,157,5000,50000,ArabisNemo,209663,chr1
21481260.0,0.0,157,5000,50000,ArabisNemo,209663,chr1
21681976.0,0.0,157,5000,50000,ArabisNemo,209663,chr1
21882692.0,0.0,157,5000,50000,ArabisNemo,209663,chr1
22083408.0,3.510586,157,5000,50000,ArabisNemo,209663,chr1
22284124.0,6.313603,157,5000,50000,ArabisNemo,209663,chr1
22484840.0,22.458031,157,5000,50000,ArabisNemo,209663,chr1
22685556.0,0.0,157,5000,50000,ArabisNemo,209663,chr1
22886272.0,0.0,157,5000,50000,ArabisNemo,209663,chr1
23086988.0,23.566708,157,5000,50000,ArabisNemo,209663,chr1
23287704.0,0.0,157,5000,50000,ArabisNemo,209663,chr1
23488420.0,7.927598,157,5000,50000,ArabisNemo,209663,chr1
23689136.0,3.316587,157,5000,50000,ArabisNemo,209663,chr1
23889852.0,0.0,157,5000,50000,ArabisNemo,209663,chr1
24090568.0,53.700314,157,5000,50000,ArabisNemo,209663,chr1
24291284.0,1.770948,157,5000,50000,ArabisNemo,209663,chr1
24492000.0,9.060389,157,5000,50000,ArabisNemo,209663,chr1
24692716.0,1.333215,157,5000,50000,ArabisNemo,209663,chr1
24893432.0,2.597239,157,5000,50000,ArabisNemo,209663,chr1
25094148.0,1.555898,157,5000,50000,ArabisNemo,209663,chr1
25294864.0,1.483711,157,5000,50000,ArabisNemo,209663,chr1
25495580.0,4.432345,157,5000,50000,ArabisNemo,209663,chr1
25696296.0,3.868085,157,5000,50000,ArabisNemo,209663,chr1
25897012.0,240.275635,157,5000,50000,ArabisNemo,209663,chr1
26097728.0,1.638009,157,5000,50000,ArabisNemo,209663,chr1
26298444.0,1.557997,157,5000,50000,ArabisNemo,209663,chr1
26499160.0,1.336459,157,5000,50000,ArabisNemo,209663,chr1
26699876.0,1.447388,157,5000,50000,ArabisNemo,209663,chr1
26900592.0,1.842745,157,5000,50000,ArabisNemo,209663,chr1
27101308.0,1.534717,157,5000,50000,ArabisNemo,209663,chr1
27302024.0,2.078753,157,5000,50000,ArabisNemo,209663,chr1
27502740.0,13.479345,157,5000,50000,ArabisNemo,209663,chr1
27703456.0,0.0,157,5000,50000,ArabisNemo,209663,chr1
27904172.0,2.688297,157,5000,50000,ArabisNemo,209663,chr1
28104888.0,4.215522,157,5000,50000,ArabisNemo,209663,chr1
28305604.0,9.766953,157,5000,50000,ArabisNemo,209663,chr1
28506320.0,0.0,157,5000,50000,ArabisNemo,209663,chr1
28707036.0,1.818722,157,5000,50000,ArabisNemo,209663,chr1
28907752.0,1.314399,157,5000,50000,ArabisNemo,209663,chr1
29108468.0,18.686007,157,5000,50000,ArabisNemo,209663,chr1
29309184.0,11.896193,157,5000,50000,ArabisNemo,209663,chr1
29509900.0,12.254269,157,5000,50000,ArabisNemo,209663,chr1
29710616.0,1.692525,157,5000,50000,ArabisNemo,209663,chr1
29911332.0,1.197903,157,5000,50000,ArabisNemo,209663,chr1
30112048.0,1.164569,157,5000,50000,ArabisNemo,209663,chr1
30312764.0,1.68724,157,5000,50000,ArabisNemo,209663,chr1
30513480.0,1.500945,157,5000,50000,ArabisNemo,209663,chr1
30714196.0,1.593428,157,5000,50000,ArabisNemo,209663,chr1
30914912.0,2.137145,157,5000,50000,ArabisNemo,209663,chr1
31115628.0,1.219439,157,5000,50000,ArabisNemo,209663,chr1
31316344.0,0.0,157,5000,50000,ArabisNemo,209663,chr1
37082.0,0.0,134,5000,50000,ArabisNemo,175602,chr7
238460.3438,1.265436,134,5000,50000,ArabisNemo,175602,chr7
439838.6875,1.125137,134,5000,50000,ArabisNemo,175602,chr7
641217.0,0.0,134,5000,50000,ArabisNemo,175602,chr7
842595.375,2.357474,134,5000,50000,ArabisNemo,175602,chr7
1043973.75,0.0,134,5000,50000,ArabisNemo,175602,chr7
1245352.125,3.106973,134,5000,50000,ArabisNemo,175602,chr7
1446730.5,2.468715,134,5000,50000,ArabisNemo,175602,chr7
1648108.875,1.303147,134,5000,50000,ArabisNemo,175602,chr7
1849487.25,1.237621,134,5000,50000,ArabisNemo,175602,chr7
2050865.625,22.961029,134,5000,50000,ArabisNemo,175602,chr7
2252244.0,4.326717,134,5000,50000,ArabisNemo,175602,chr7
2453622.25,2.454378,134,5000,50000,ArabisNemo,175602,chr7
2655000.5,2.678734,134,5000,50000,ArabisNemo,175602,chr7
2856378.75,1.057501,134,5000,50000,ArabisNemo,175602,chr7
3057757.0,3.365433,134,5000,50000,ArabisNemo,175602,chr7
3259135.25,1.746328,134,5000,50000,ArabisNemo,175602,chr7
3460513.5,1.728571,134,5000,50000,ArabisNemo,175602,chr7
3661891.75,1.359715,134,5000,50000,ArabisNemo,175602,chr7
3863270.0,3.093013,134,5000,50000,ArabisNemo,175602,chr7
4064648.25,1.352944,134,5000,50000,ArabisNemo,175602,chr7
4266026.5,0.0,134,5000,50000,ArabisNemo,175602,chr7
4467405.0,1.055761,134,5000,50000,ArabisNemo,175602,chr7
4668783.5,4.172483,134,5000,50000,ArabisNemo,175602,chr7
4870162.0,3.570396,134,5000,50000,ArabisNemo,175602,chr7
5071540.5,1.519009,134,5000,50000,ArabisNemo,175602,chr7
5272919.0,2.11046,134,5000,50000,ArabisNemo,175602,chr7
5474297.5,1.153083,134,5000,50000,ArabisNemo,175602,chr7
5675676.0,1.485939,134,5000,50000,ArabisNemo,175602,chr7
5877054.5,1.655117,134,5000,50000,ArabisNemo,175602,chr7
6078433.0,6.299899,134,5000,50000,ArabisNemo,175602,chr7
6279811.5,1.400686,134,5000,50000,ArabisNemo,175602,chr7
6481190.0,1.035718,134,5000,50000,ArabisNemo,175602,chr7
6682568.5,5.100025,134,5000,50000,ArabisNemo,175602,chr7
6883947.0,1.522244,134,5000,50000,ArabisNemo,175602,chr7
7085325.5,2.224526,134,5000,50000,ArabisNemo,175602,chr7
7286704.0,0.0,134,5000,50000,ArabisNemo,175602,chr7
7488082.5,0.0,134,5000,50000,ArabisNemo,175602,chr7
7689461.0,0.0,134,5000,50000,ArabisNemo,175602,chr7
7890839.5,1.376466,134,5000,50000,ArabisNemo,175602,chr7
8092218.0,1.233628,134,5000,50000,ArabisNemo,175602,chr7
8293596.5,18.890053,134,5000,50000,ArabisNemo,175602,chr7
8494975.0,2.155429,134,5000,50000,ArabisNemo,175602,chr7
8696353.0,0.0,134,5000,50000,ArabisNemo,175602,chr7
8897731.0,1.321542,134,5000,50000,ArabisNemo,175602,chr7
9099109.0,2.433545,134,5000,50000,ArabisNemo,175602,chr7
9300487.0,2.691109,134,5000,50000,ArabisNemo,175602,chr7
9501865.0,0.0,134,5000,50000,ArabisNemo,175602,chr7
9703243.0,0.729295,134,5000,50000,ArabisNemo,175602,chr7
9904621.0,2.759013,134,5000,50000,ArabisNemo,175602,chr7
10105999.0,1.510063,134,5000,50000,ArabisNemo,175602,chr7
10307377.0,1.536731,134,5000,50000,ArabisNemo,175602,chr7
10508755.0,8.537685,134,5000,50000,ArabisNemo,175602,chr7
10710133.0,1.330449,134,5000,50000,ArabisNemo,175602,chr7
10911511.0,3.985896,134,5000,50000,ArabisNemo,175602,chr7
11112889.0,11.153039,134,5000,50000,ArabisNemo,175602,chr7
11314267.0,3.452603,134,5000,50000,ArabisNemo,175602,chr7
11515645.0,1.654528,134,5000,50000,ArabisNemo,175602,chr7
11717023.0,0.0,134,5000,50000,ArabisNemo,175602,chr7
11918401.0,1.811505,134,5000,50000,ArabisNemo,175602,chr7
12119779.0,1.151516,134,5000,50000,ArabisNemo,175602,chr7
12321157.0,1.354017,134,5000,50000,ArabisNemo,175602,chr7
12522535.0,1.308627,134,5000,50000,ArabisNemo,175602,chr7
12723913.0,0.0,134,5000,50000,ArabisNemo,175602,chr7
12925291.0,0.0,134,5000,50000,ArabisNemo,175602,chr7
13126669.0,0.0,134,5000,50000,ArabisNemo,175602,chr7
13328047.0,0.0,134,5000,50000,ArabisNemo,175602,chr7
13529425.0,0.0,134,5000,50000,ArabisNemo,175602,chr7
13730803.0,0.0,134,5000,50000,ArabisNemo,175602,chr7
13932181.0,0.0,134,5000,50000,ArabisNemo,175602,chr7
14133559.0,0.0,134,5000,50000,ArabisNemo,175602,chr7
14334937.0,1.092399,134,5000,50000,ArabisNemo,175602,chr7
14536315.0,0.888369,134,5000,50000,ArabisNemo,175602,chr7
14737693.0,1.135972,134,5000,50000,ArabisNemo,175602,chr7
14939071.0,1.239909,134,5000,50000,ArabisNemo,175602,chr7
15140449.0,2.275466,134,5000,50000,ArabisNemo,175602,chr7
15341827.0,1.848022,134,5000,50000,ArabisNemo,175602,chr7
15543205.0,1.239323,134,5000,50000,ArabisNemo,175602,chr7
15744583.0,1.952375,134,5000,50000,ArabisNemo,175602,chr7
15945961.0,1.772515,134,5000,50000,ArabisNemo,175602,chr7
16147339.0,2.276913,134,5000,50000,ArabisNemo,175602,chr7
16348717.0,9.081293,134,5000,50000,ArabisNemo,175602,chr7
16550095.0,1.725639,134,5000,50000,ArabisNemo,175602,chr7
16751473.0,1.947926,134,5000,50000,ArabisNemo,175602,chr7
16952852.0,1.161318,134,5000,50000,ArabisNemo,175602,chr7
17154230.0,3.755048,134,5000,50000,ArabisNemo,175602,chr7
17355608.0,1.347512,134,5000,50000,ArabisNemo,175602,chr7
17556986.0,2.076508,134,5000,50000,ArabisNemo,175602,chr7
17758364.0,0.0,134,5000,50000,ArabisNemo,175602,chr7
17959742.0,1.301123,134,5000,50000,ArabisNemo,175602,chr7
18161120.0,7.70939,134,5000,50000,ArabisNemo,175602,chr7
18362498.0,1.404584,134,5000,50000,ArabisNemo,175602,chr7
18563876.0,1.171996,134,5000,50000,ArabisNemo,175602,chr7
18765254.0,1.454239,134,5000,50000,ArabisNemo,175602,chr7
18966632.0,1.463638,134,5000,50000,ArabisNemo,175602,chr7
19168010.0,1.192793,134,5000,50000,ArabisNemo,175602,chr7
19369388.0,0.0,134,5000,50000,ArabisNemo,175602,chr7
19570766.0,4.865646,134,5000,50000,ArabisNemo,175602,chr7
19772144.0,2.101911,134,5000,50000,ArabisNemo,175602,chr7
19973522.0,5.065094,134,5000,50000,ArabisNemo,175602,chr7
20174900.0,3.034214,134,5000,50000,ArabisNemo,175602,chr7
20376278.0,2.487148,134,5000,50000,ArabisNemo,175602,chr7
20577656.0,1.220967,134,5000,50000,ArabisNemo,175602,chr7
20779034.0,4.82527,134,5000,50000,ArabisNemo,175602,chr7
20980412.0,1.076624,134,5000,50000,ArabisNemo,175602,chr7
21181790.0,1.2632,134,5000,50000,ArabisNemo,175602,chr7
21383168.0,3.727677,134,5000,50000,ArabisNemo,175602,chr7
21584546.0,1.028723,134,5000,50000,ArabisNemo,175602,chr7
21785924.0,4.15788,134,5000,50000,ArabisNemo,175602,chr7
21987302.0,1.144626,134,5000,50000,ArabisNemo,175602,chr7
22188680.0,2.369105,134,5000,50000,ArabisNemo,175602,chr7
22390058.0,4.135533,134,5000,50000,ArabisNemo,175602,chr7
22591436.0,3.432417,134,5000,50000,ArabisNemo,175602,chr7
22792814.0,2.112289,134,5000,50000,ArabisNemo,175602,chr7
22994192.0,1.301058,134,5000,50000,ArabisNemo,175602,chr7
23195570.0,1.279209,134,5000,50000,ArabisNemo,175602,chr7
23396948.0,1.767743,134,5000,50000,ArabisNemo,175602,chr7
23598326.0,1.783948,134,5000,50000,ArabisNemo,175602,chr7
23799704.0,1.385629,134,5000,50000,ArabisNemo,175602,chr7
24001082.0,19.744289,134,5000,50000,ArabisNemo,175602,chr7
24202460.0,1.461348,134,5000,50000,ArabisNemo,175602,chr7
24403838.0,1.357242,134,5000,50000,ArabisNemo,175602,chr7
24605216.0,1.824271,134,5000,50000,ArabisNemo,175602,chr7
24806594.0,1.999621,134,5000,50000,ArabisNemo,175602,chr7
25007972.0,1.210812,134,5000,50000,ArabisNemo,175602,chr7
25209350.0,2.911651,134,5000,50000,ArabisNemo,175602,chr7
25410728.0,1.936767,134,5000,50000,ArabisNemo,175602,chr7
25612106.0,2.060814,134,5000,50000,ArabisNemo,175602,chr7
25813484.0,2.329603,134,5000,50000,ArabisNemo,175602,chr7
26014862.0,1.897598,134,5000,50000,ArabisNemo,175602,chr7
26216240.0,5.348311,134,5000,50000,ArabisNemo,175602,chr7
26417618.0,1.755521,134,5000,50000,ArabisNemo,175602,chr7
26618996.0,2.190675,134,5000,50000,ArabisNemo,175602,chr7
26820374.0,0.0,134,5000,50000,ArabisNemo,175602,chr7
14302.0,0.0,133,5000,50000,ArabisNemo,162702,chr5
215123.9062,2.748054,133,5000,50000,ArabisNemo,162702,chr5
415945.8125,0.0,133,5000,50000,ArabisNemo,162702,chr5
616767.75,0.0,133,5000,50000,ArabisNemo,162702,chr5
817589.625,0.0,133,5000,50000,ArabisNemo,162702,chr5
1018411.5,1.121869,133,5000,50000,ArabisNemo,162702,chr5
1219233.375,8.475014,133,5000,50000,ArabisNemo,162702,chr5
1420055.25,3.2721,133,5000,50000,ArabisNemo,162702,chr5
1620877.125,5.919724,133,5000,50000,ArabisNemo,162702,chr5
1821699.0,2.715972,133,5000,50000,ArabisNemo,162702,chr5
2022520.875,1.312772,133,5000,50000,ArabisNemo,162702,chr5
2223342.75,5.336457,133,5000,50000,ArabisNemo,162702,chr5
2424164.75,1.683578,133,5000,50000,ArabisNemo,162702,chr5
2624986.75,1.842351,133,5000,50000,ArabisNemo,162702,chr5
2825808.75,1.413283,133,5000,50000,ArabisNemo,162702,chr5
3026630.75,4.013769,133,5000,50000,ArabisNemo,162702,chr5
3227452.75,2.090691,133,5000,50000,ArabisNemo,162702,chr5
3428274.75,3.514348,133,5000,50000,ArabisNemo,162702,chr5
3629096.75,4.507478,133,5000,50000,ArabisNemo,162702,chr5
3829918.75,1.626354,133,5000,50000,ArabisNemo,162702,chr5
4030740.75,0.0,133,5000,50000,ArabisNemo,162702,chr5
4231562.5,2.094213,133,5000,50000,ArabisNemo,162702,chr5
4432384.5,1.478892,133,5000,50000,ArabisNemo,162702,chr5
4633206.5,1.413088,133,5000,50000,ArabisNemo,162702,chr5
4834028.5,3.584602,133,5000,50000,ArabisNemo,162702,chr5
5034850.5,2.334977,133,5000,50000,ArabisNemo,162702,chr5
5235672.5,1.492723,133,5000,50000,ArabisNemo,162702,chr5
5436494.5,2.084998,133,5000,50000,ArabisNemo,162702,chr5
5637316.5,0.0,133,5000,50000,ArabisNemo,162702,chr5
5838138.5,1.911229,133,5000,50000,ArabisNemo,162702,chr5
6038960.5,1.643369,133,5000,50000,ArabisNemo,162702,chr5
6239782.5,0.0,133,5000,50000,ArabisNemo,162702,chr5
6440604.5,0.0,133,5000,50000,ArabisNemo,162702,chr5
6641426.5,1.915436,133,5000,50000,ArabisNemo,162702,chr5
6842248.5,1.461465,133,5000,50000,ArabisNemo,162702,chr5
7043070.5,2.001693,133,5000,50000,ArabisNemo,162702,chr5
7243892.5,0.0,133,5000,50000,ArabisNemo,162702,chr5
7444714.5,1.395713,133,5000,50000,ArabisNemo,162702,chr5
7645536.5,1.366728,133,5000,50000,ArabisNemo,162702,chr5
7846358.5,3.791132,133,5000,50000,ArabisNemo,162702,chr5
8047180.5,0.987403,133,5000,50000,ArabisNemo,162702,chr5
8248002.5,1.694008,133,5000,50000,ArabisNemo,162702,chr5
8448824.0,1.04468,133,5000,50000,ArabisNemo,162702,chr5
8649646.0,9.556088,133,5000,50000,ArabisNemo,162702,chr5
8850468.0,0.0,133,5000,50000,ArabisNemo,162702,chr5
9051290.0,1.351214,133,5000,50000,ArabisNemo,162702,chr5
9252112.0,0.0,133,5000,50000,ArabisNemo,162702,chr5
9452934.0,1.323272,133,5000,50000,ArabisNemo,162702,chr5
9653756.0,1.244856,133,5000,50000,ArabisNemo,162702,chr5
9854578.0,237.608353,133,5000,50000,ArabisNemo,162702,chr5
10055400.0,1.996394,133,5000,50000,ArabisNemo,162702,chr5
10256222.0,2.360398,133,5000,50000,ArabisNemo,162702,chr5
10457044.0,0.0,133,5000,50000,ArabisNemo,162702,chr5
10657866.0,7.074266,133,5000,50000,ArabisNemo,162702,chr5
10858688.0,1.2897,133,5000,50000,ArabisNemo,162702,chr5
11059510.0,0.0,133,5000,50000,ArabisNemo,162702,chr5
11260332.0,0.0,133,5000,50000,ArabisNemo,162702,chr5
11461154.0,0.0,133,5000,50000,ArabisNemo,162702,chr5
11661976.0,7.169908,133,5000,50000,ArabisNemo,162702,chr5
11862798.0,1.377525,133,5000,50000,ArabisNemo,162702,chr5
12063620.0,0.0,133,5000,50000,ArabisNemo,162702,chr5
12264442.0,1.15778,133,5000,50000,ArabisNemo,162702,chr5
12465264.0,6.196769,133,5000,50000,ArabisNemo,162702,chr5
12666086.0,3.94311,133,5000,50000,ArabisNemo,162702,chr5
12866908.0,17.108957,133,5000,50000,ArabisNemo,162702,chr5
13067730.0,0.0,133,5000,50000,ArabisNemo,162702,chr5
13268552.0,0.0,133,5000,50000,ArabisNemo,162702,chr5
13469374.0,0.0,133,5000,50000,ArabisNemo,162702,chr5
13670196.0,0.0,133,5000,50000,ArabisNemo,162702,chr5
13871018.0,1.064176,133,5000,50000,ArabisNemo,162702,chr5
14071840.0,6.610867,133,5000,50000,ArabisNemo,162702,chr5
14272662.0,1.620021,133,5000,50000,ArabisNemo,162702,chr5
14473484.0,1.210029,133,5000,50000,ArabisNemo,162702,chr5
14674306.0,3.437726,133,5000,50000,ArabisNemo,162702,chr5
14875128.0,0.0,133,5000,50000,ArabisNemo,162702,chr5
15075950.0,2.886565,133,5000,50000,ArabisNemo,162702,chr5
15276772.0,1.03413,133,5000,50000,ArabisNemo,162702,chr5
15477594.0,1.787412,133,5000,50000,ArabisNemo,162702,chr5
15678416.0,6.657309,133,5000,50000,ArabisNemo,162702,chr5
15879238.0,1.392296,133,5000,50000,ArabisNemo,162702,chr5
16080060.0,0.0,133,5000,50000,ArabisNemo,162702,chr5
16280882.0,53.188503,133,5000,50000,ArabisNemo,162702,chr5
16481704.0,1.756341,133,5000,50000,ArabisNemo,162702,chr5
16682526.0,1.413751,133,5000,50000,ArabisNemo,162702,chr5
16883348.0,1.167699,133,5000,50000,ArabisNemo,162702,chr5
17084170.0,1.316572,133,5000,50000,ArabisNemo,162702,chr5
17284992.0,1.273405,133,5000,50000,ArabisNemo,162702,chr5
17485814.0,9.115228,133,5000,50000,ArabisNemo,162702,chr5
17686636.0,1.336781,133,5000,50000,ArabisNemo,162702,chr5
17887458.0,1.539509,133,5000,50000,ArabisNemo,162702,chr5
18088280.0,0.0,133,5000,50000,ArabisNemo,162702,chr5
18289102.0,1.763239,133,5000,50000,ArabisNemo,162702,chr5
18489924.0,18.903938,133,5000,50000,ArabisNemo,162702,chr5
18690746.0,2.099322,133,5000,50000,ArabisNemo,162702,chr5
18891568.0,4.126852,133,5000,50000,ArabisNemo,162702,chr5
19092390.0,4.778618,133,5000,50000,ArabisNemo,162702,chr5
19293212.0,0.0,133,5000,50000,ArabisNemo,162702,chr5
19494034.0,1.205793,133,5000,50000,ArabisNemo,162702,chr5
19694856.0,1.671789,133,5000,50000,ArabisNemo,162702,chr5
19895678.0,1.504723,133,5000,50000,ArabisNemo,162702,chr5
20096500.0,7.550396,133,5000,50000,ArabisNemo,162702,chr5
20297322.0,0.0,133,5000,50000,ArabisNemo,162702,chr5
20498144.0,1.779079,133,5000,50000,ArabisNemo,162702,chr5
20698966.0,22.950737,133,5000,50000,ArabisNemo,162702,chr5
20899788.0,1.296144,133,5000,50000,ArabisNemo,162702,chr5
21100610.0,1.273254,133,5000,50000,ArabisNemo,162702,chr5
21301432.0,1.519434,133,5000,50000,ArabisNemo,162702,chr5
21502254.0,2.588312,133,5000,50000,ArabisNemo,162702,chr5
21703076.0,1.556099,133,5000,50000,ArabisNemo,162702,chr5
21903898.0,1.362947,133,5000,50000,ArabisNemo,162702,chr5
22104720.0,1.473919,133,5000,50000,ArabisNemo,162702,chr5
22305542.0,0.0,133,5000,50000,ArabisNemo,162702,chr5
22506364.0,12.128044,133,5000,50000,ArabisNemo,162702,chr5
22707186.0,0.842479,133,5000,50000,ArabisNemo,162702,chr5
22908008.0,0.0,133,5000,50000,ArabisNemo,162702,chr5
23108830.0,2.390703,133,5000,50000,ArabisNemo,162702,chr5
23309652.0,3.422584,133,5000,50000,ArabisNemo,162702,chr5
23510474.0,1.239511,133,5000,50000,ArabisNemo,162702,chr5
23711296.0,0.0,133,5000,50000,ArabisNemo,162702,chr5
23912118.0,1.21161,133,5000,50000,ArabisNemo,162702,chr5
24112940.0,0.752043,133,5000,50000,ArabisNemo,162702,chr5
24313762.0,0.0,133,5000,50000,ArabisNemo,162702,chr5
24514584.0,1.484615,133,5000,50000,ArabisNemo,162702,chr5
24715406.0,1.124145,133,5000,50000,ArabisNemo,162702,chr5
24916228.0,0.819247,133,5000,50000,ArabisNemo,162702,chr5
25117050.0,57.26022,133,5000,50000,ArabisNemo,162702,chr5
25317872.0,1.350219,133,5000,50000,ArabisNemo,162702,chr5
25518694.0,1.193582,133,5000,50000,ArabisNemo,162702,chr5
25719516.0,1.088271,133,5000,50000,ArabisNemo,162702,chr5
25920338.0,1.280804,133,5000,50000,ArabisNemo,162702,chr5
26121160.0,1.879479,133,5000,50000,ArabisNemo,162702,chr5
26321982.0,1.272619,133,5000,50000,ArabisNemo,162702,chr5
26522804.0,0.0,133,5000,50000,ArabisNemo,162702,chr5
